rank,modo,score,novos_na_cobertura,jogo
1,conservador,-99.37817283867838,15.0,01 02 04 06 07 09 11 12 13 16 17 19 21 23 24
2,conservador,-100.80753651867518,9.0,03 04 05 08 10 11 12 14 15 17 19 20 22 23 25
3,conservador,-99.84647426064737,1.0,02 04 05 06 09 11 12 13 15 17 18 19 21 23 24
4,conservador,-99.55491032018121,0.0,02 04 07 09 11 12 13 15 16 17 19 20 21 23 24
5,conservador,-99.56501827068911,0.0,01 02 04 07 09 11 12 16 17 19 20 21 23 24 25
